topic_url,forum,topic_title,topic_time,topic_views,topic_replys,topic_seal,user_name,user_url,user_topic_num,user_replys_num,user_from,user_car,followCount,praise_num
https://club.autohome.com.cn/bbs/thread/40ef2b9b9d632082/26206681-1.html,铃木摩托车论坛,我的宝贝--94年的铃木GN125【图片已更新】,2013-11-20 21:28:03,234463,1942,精华,固特异老付,//i.autohome.com.cn/5301143,1113,61440,安徽 合肥,"['标致307', '浪迪', '宝来/宝来…']",,
https://club.autohome.com.cn/bbs/thread/33fd8d55a2ab9ffa/31835919-1.html,铃木摩托车论坛,不怕死的就买“豪爵GW250”,2014-7-10 15:56:56,108035,207,None,航行_天下,//i.autohome.com.cn/8735098,8,254,浙江 杭州,非认证车主,,
https://club.autohome.com.cn/bbs/thread/b17ca00af242564a/26145350-1.html,铃木摩托车论坛,铃木EN 125-2f 来交作业！,2013-11-17 21:42:10,6937,54,推荐,changer2011,//i.autohome.com.cn/4560478,3,170,四川 南充,非认证车主,,
https://club.autohome.com.cn/bbs/thread/d07ef12a5d4faf9f/31815942-1.html,铃木摩托车论坛,豪爵GW凭什么卖26000多，纯正铃木公升级车才3.8万,2014-7-9 21:38:59,21944,93,None,mazu1,//i.autohome.com.cn/2098099,262,13131,山东 淄博,"['轩逸', '速派']",,
https://club.autohome.com.cn/bbs/thread/654510ceeaf36203/29724854-1.html,铃木摩托车论坛,创战纪里的概念摩托车量产了噢，刚到港噢,2014-5-2 08:41:14,13585,35,None,耍宝1337,//i.autohome.com.cn/10241950,8,91,天津 ,非认证车主,,
https://club.autohome.com.cn/bbs/thread/d80999199745ef21/33562523-1.html,铃木摩托车论坛,【HELP】 GW250 的大神们 买啥头盔好捏、。,2014-9-9 12:01:02,1118,4,None,zachsia,//i.autohome.com.cn/8901744,15,541,浙江 绍兴,['福克斯'],,
https://club.autohome.com.cn/bbs/thread/6192bf5fd78e7726/31801870-1.html,铃木摩托车论坛,铃木刀改水冷,2014-7-9 11:36:54,4410,17,None,k4422,//i.autohome.com.cn/8289227,59,3359,广东 东莞,非认证车主,,
https://club.autohome.com.cn/bbs/thread/8b6b2076825da634/45326835-1.html,铃木摩托车论坛,梦回唐朝～年轻时的梦,2015-9-19 14:13:00,4039,31,None,折子戏AA,//i.autohome.com.cn/12849497,3,42,山东 济宁,非认证车主,,
https://club.autohome.com.cn/bbs/thread/a24171ffae66df29/35240516-1.html,铃木摩托车论坛,求购白色海王星，手续全,2014-11-3 14:24:23,543,4,None,金色月光2014,//i.autohome.com.cn/13004313,2,8,河南 安阳,非认证车主,,
https://club.autohome.com.cn/bbs/thread/8dc3dd8e747eef26/40112863-1.html,铃木摩托车论坛,RC390上市了？,2015-4-8 14:17:11,3963,13,None,雨滴子,//i.autohome.com.cn/9994624,44,1664,贵州 贵阳,非认证车主,,
https://club.autohome.com.cn/bbs/thread/8551af19ee64eb0c/45325683-1.html,铃木摩托车论坛,有人知道2015款GW250的最新配置吗？？？,2015-9-19 13:26:20,2135,9,None,ENDLESS5,//i.autohome.com.cn/20761134,1,20,广东 清远,非认证车主,,
https://club.autohome.com.cn/bbs/thread/6dd9cc60b6e8e3e3/33562362-1.html,铃木摩托车论坛,山东地区求gw250一辆 最好是s的,2014-9-9 11:55:30,407,6,None,e剑传心,//i.autohome.com.cn/903826,54,484,山东 滨州,['Polo'],,
https://club.autohome.com.cn/bbs/thread/6722bee55569967a/40059355-1.html,铃木摩托车论坛,铃木GS125      07新款、加油车就像要熄火！,2015-4-6 23:09:41,779,11,None,601935899,//i.autohome.com.cn/5998975,103,1819,辽宁 沈阳,['比亚迪L3'],,
https://club.autohome.com.cn/bbs/thread/ff785b101a3c4a4c/31752116-1.html,铃木摩托车论坛,想入手SUZUKI GW250，不知道北京这边还能上A牌吗？,2014-7-7 15:02:34,941,8,None,宝刀未老869,//i.autohome.com.cn/5326627,22,692,北京 丰台,['博瑞'],,
https://club.autohome.com.cn/bbs/thread/42782e4a46b43ebe/44228309-1.html,铃木摩托车论坛,才跑的318恩施段,2015-8-14 10:32:24,2495,18,None,旺老爷们儿,//i.autohome.com.cn/14271354,30,185,湖北 武汉,非认证车主,,
https://club.autohome.com.cn/bbs/thread/049ea71b917cfe0e/28312848-1.html,铃木摩托车论坛,请教师傅们铃木福星踏板后轮螺丝怎么倒下来，,2014-3-11 18:41:57,2730,18,None,就叫这名吧,//i.autohome.com.cn/9154208,58,384,河北 石家庄,['朗逸'],,
https://club.autohome.com.cn/bbs/thread/89729759f5a8abd3/26054695-1.html,铃木摩托车论坛,见到了传说中的宗申RX3实车,2013-11-12 23:58:21,16147,57,None,王菲菲127,//i.autohome.com.cn/3770288,11,1243,山东 济南,"['飞度', '赛拉图', '优6 SUV']",,
https://club.autohome.com.cn/bbs/thread/3d09be5b2ffffd9b/37022320-1.html,铃木摩托车论坛,gw250会不会出跑车款的啊！,2014-12-26 16:46:28,1436,15,None,八开,//i.autohome.com.cn/13392802,81,1627,浙江 嘉兴,非认证车主,,
https://club.autohome.com.cn/bbs/thread/53f99e1aaddab014/33542761-1.html,铃木摩托车论坛,外地牌照的摩托车可以在上海开吗？,2014-9-8 17:30:56,840,8,None,步履旷野路,//i.autohome.com.cn/8510665,15,172,上海 ,非认证车主,,
https://club.autohome.com.cn/bbs/thread/f73f158ea3975541/46642861-1.html,铃木摩托车论坛,大神帮忙看下这款SUZUKI是什么型号的？,2015-11-2 11:29:30,4620,15,None,兜里有糖M,//i.autohome.com.cn/3447745,69,2466,河南 郑州,['马自达6'],,
https://club.autohome.com.cn/bbs/thread/9ddbc9c38ef77350/53675315-1.html,铃木摩托车论坛,请各位朋友帮个忙,2016-6-23 17:41:54,432,2,None,笨笨熊2951,//i.autohome.com.cn/21278488,6,12,福建 福州,非认证车主,,
https://club.autohome.com.cn/bbs/thread/a83c54199a76e090/37005878-1.html,铃木摩托车论坛,没有机车，这也挺好！GN-125,2014-12-26 03:49:18,5567,44,None,A0000卡卡,//i.autohome.com.cn/12510933,11,123,福建 漳州,非认证车主,,
https://club.autohome.com.cn/bbs/thread/2255fb8a7f20a21d/45325234-1.html,铃木摩托车论坛,金华地区想收黑GW250f,2015-9-19 13:04:56,1418,24,None,睿巴比,//i.autohome.com.cn/12434129,9,812,浙江 金华,['思铂睿'],,
https://club.autohome.com.cn/bbs/thread/bcb7c3b103c6f5dc/44225367-1.html,铃木摩托车论坛,这是哪款什么型号？,2015-8-14 08:46:37,803,5,None,汽车之友85,//i.autohome.com.cn/8175960,109,171,湖北 武汉,['马自达CX-5'],,
https://club.autohome.com.cn/bbs/thread/510ca58cc11e9291/33540819-1.html,铃木摩托车论坛,新款GW250F能装边箱和尾箱吗,2014-9-8 16:03:49,2944,3,None,52无声岁月,//i.autohome.com.cn/3425662,18,518,浙江 湖州,['雪铁龙C2'],,
https://club.autohome.com.cn/bbs/thread/0be6fd9dde31376c/26053272-1.html,铃木摩托车论坛,08年10月铃木GSX600摩托车,2013-11-12 22:39:55,8890,24,None,熊猫2012,//i.autohome.com.cn/2972698,30,343,上海 浦东新区,['帕萨特'],,
https://club.autohome.com.cn/bbs/thread/315919ee8a0e84fa/38753525-1.html,铃木摩托车论坛,天暖了，洗白白！,2015-2-26 11:19:52,500,7,None,2014我的故事2014,//i.autohome.com.cn/11823591,66,761,安徽 宿州,['Polo'],,
https://club.autohome.com.cn/bbs/thread/588e7a08f8502d81/31749294-1.html,铃木摩托车论坛,今天早上感受铃木的售后服务，及处理F1灯闪烁无法启动的故障,2014-7-7 13:22:22,6250,11,None,航行_天下,//i.autohome.com.cn/8735098,8,254,浙江 杭州,非认证车主,,
https://club.autohome.com.cn/bbs/thread/6fd3e429b72e48b6/28267175-1.html,铃木摩托车论坛,春雷惊蛰第一声，田间小游……,2014-3-9 18:07:59,2251,21,None,墨封之臣,//i.autohome.com.cn/8062441,9,674,江苏 宿迁,非认证车主,,
https://club.autohome.com.cn/bbs/thread/95b9d1db4e60eb80/51015595-1.html,铃木摩托车论坛,10年的蓝巨星求助,2016-3-30 19:20:23,661,8,None,蓝色冰魂1987,//i.autohome.com.cn/24629924,4,151,河南 南阳,非认证车主,,
https://club.autohome.com.cn/bbs/thread/321f0fbb14aa12b7/31746824-1.html,铃木摩托车论坛,求铃木k750油箱,2014-7-7 11:59:35,573,5,None,大伟门业,//i.autohome.com.cn/6647525,9,91,浙江 金华,非认证车主,,
https://club.autohome.com.cn/bbs/thread/5ea8700ded34aedd/16891463-1.html,铃木摩托车论坛,铃木 GSX-R1000 激情机兽 速度王者,2012-9-11 10:20:28,5096,13,None,772K5JN2,//i.autohome.com.cn/2196132,111,963,江苏 淮安,"['帕拉丁', '标致2008']",,
https://club.autohome.com.cn/bbs/thread/09fb41b2ab61c08e/31746615-1.html,铃木摩托车论坛,有没有车友提GW250炫动版？,2014-7-7 11:52:47,801,4,None,114733739,//i.autohome.com.cn/4304435,34,1072,广东 珠海,非认证车主,,
https://club.autohome.com.cn/bbs/thread/c4ea4079fe796b4f/33522999-1.html,铃木摩托车论坛,今天去看了gw250和z250实在纠结,2014-9-7 21:22:54,5808,20,None,起亚SL,//i.autohome.com.cn/2965812,70,3007,江苏 连云港,['索纳塔八'],,
https://club.autohome.com.cn/bbs/thread/df65b70a24507a35/29721740-1.html,铃木摩托车论坛,铃木k7提车作业！,2014-5-2 02:14:42,5556,5,None,airleo123,//i.autohome.com.cn/9993049,38,291,福建 福州,非认证车主,,
https://club.autohome.com.cn/bbs/thread/9b055d353b076bd3/31727376-1.html,铃木摩托车论坛,求购铃木王化油器 柱塞的 406,2014-7-6 19:18:07,207,1,None,王东1956,//i.autohome.com.cn/11196438,107,437,河北 沧州,非认证车主,,
https://club.autohome.com.cn/bbs/thread/13d4f5ce1e1d0178/40031827-1.html,铃木摩托车论坛,谁有丽驰的，边箱，和后尾箱，二手的，请联系我,2015-4-6 10:21:32,1409,13,None,mzl4554,//i.autohome.com.cn/16473711,2,2,山东 泰安,非认证车主,,
https://club.autohome.com.cn/bbs/thread/9953c1544dfebe42/37004358-1.html,铃木摩托车论坛,想买铃木王125,2014-12-26 00:11:19,1651,13,None,妮秋,//i.autohome.com.cn/14049918,1,5,江西 赣州,非认证车主,,
https://club.autohome.com.cn/bbs/thread/5425c49dbd2e1aa6/38739386-1.html,铃木摩托车论坛,GS125 紧急求救，换缸问题,2015-2-25 19:11:02,2587,9,None,追��2015,//i.autohome.com.cn/15487115,1,1,江苏 苏州,非认证车主,,
https://club.autohome.com.cn/bbs/thread/c85f3857e2c437ea/51000956-1.html,铃木摩托车论坛,GW250纠结,2016-3-30 11:34:05,1626,10,None,lfsxf,//i.autohome.com.cn/24808317,9,418,山西 临汾,非认证车主,,
https://club.autohome.com.cn/bbs/thread/a4511f03008c165d/40031668-1.html,铃木摩托车论坛,新手报到,2015-4-6 10:16:37,2385,23,None,mzl4554,//i.autohome.com.cn/16473711,2,2,山东 泰安,非认证车主,,
https://club.autohome.com.cn/bbs/thread/674f918f06639636/41828268-1.html,铃木摩托车论坛,gz150悦酷链条干了，上什么油啊？,2015-5-28 04:37:25,2797,29,None,小杂烩,//i.autohome.com.cn/16578804,12,51,天津 ,非认证车主,,
https://club.autohome.com.cn/bbs/thread/8ede44bc18ca02f7/29718055-1.html,铃木摩托车论坛,问！！！,2014-5-1 22:48:36,575,22,None,我家门前有片海,//i.autohome.com.cn/8441967,66,1663,广西 北海,非认证车主,,
https://club.autohome.com.cn/bbs/thread/77a86a202fc27126/28254278-1.html,铃木摩托车论坛,星星入手,2014-3-8 23:15:02,502,5,None,骑星星去钓鱼,//i.autohome.com.cn/9810784,1,2,湖北 黄冈,非认证车主,,
https://club.autohome.com.cn/bbs/thread/5381989750d95ca6/46600143-1.html,铃木摩托车论坛,鸡大不留小溜一圈（附骑行同学Z250，对两车的感受）,2015-10-31 21:08:58,9017,54,None,漫步1979,//i.autohome.com.cn/2734698,87,5472,上海 ,['凯美瑞'],,
https://club.autohome.com.cn/bbs/thread/650348d9f7b45ac8/31727349-1.html,铃木摩托车论坛,求购 铃木王柱塞化油器 原装的 406  421,2014-7-6 19:16:59,539,4,None,王东1956,//i.autohome.com.cn/11196438,107,437,河北 沧州,非认证车主,,
https://club.autohome.com.cn/bbs/thread/793832c1ab2094b8/37003860-1.html,铃木摩托车论坛,今天（2014.12.25.）定GW250S蓝色+简单提车,2014-12-25 23:45:03,10834,44,None,40956001,//i.autohome.com.cn/13870654,12,355,陕西 铜川,非认证车主,,
https://club.autohome.com.cn/bbs/thread/68ab4441819cef70/45318861-1.html,铃木摩托车论坛,买个二手125骑骑,2015-9-19 08:35:29,1188,3,None,枫丶落羽,//i.autohome.com.cn/4528043,58,830,山东 烟台,"['陆风X5', '本田CR-V']",,
https://club.autohome.com.cn/bbs/thread/d5439a6cf90e0c51/26013255-1.html,铃木摩托车论坛,怎么每台EN的手把都不同？？,2013-11-10 23:47:17,2107,15,None,刀子王,//i.autohome.com.cn/8617133,14,421,广东 清远,非认证车主,,
https://club.autohome.com.cn/bbs/thread/f1ada92f0882ecd1/33496484-1.html,铃木摩托车论坛,化油器的清洗,2014-9-6 21:11:01,344,2,None,无敌铝合金,//i.autohome.com.cn/9368095,88,4523,山东 烟台,非认证车主,,
https://club.autohome.com.cn/bbs/thread/51b45bb47b893117/41814954-1.html,铃木摩托车论坛,铃木天龙星,2015-5-27 17:29:17,1083,4,None,多少次,//i.autohome.com.cn/6540992,5,16,山东 济南,非认证车主,,
https://club.autohome.com.cn/bbs/thread/a354dbd30e325a11/48253518-1.html,铃木摩托车论坛,――――――请教大神们一个问题――――――,2015-12-22 20:15:44,219,1,None,更改主显示账号,//i.autohome.com.cn/23088957,13,138,四川 巴中,非认证车主,,
https://club.autohome.com.cn/bbs/thread/15194f9ce6f6be17/50999358-1.html,铃木摩托车论坛,本人有事请教,2016-3-30 10:50:14,254,2,None,KING567890,//i.autohome.com.cn/8030837,27,372,山东 青岛,['捷达'],,
https://club.autohome.com.cn/bbs/thread/011915992c677adc/35233132-1.html,铃木摩托车论坛,蓝巨星踏板80迈车速度上不去了，论坛各位大哥这是咋回事呢...,2014-11-3 10:44:28,1833,6,None,芝麻酱小洋,//i.autohome.com.cn/4159996,73,2494,山东 青岛,['长城C30'],,
https://club.autohome.com.cn/bbs/thread/05ec13c59b349e32/40020118-1.html,铃木摩托车论坛,91年原装进口铃木王GS125,2015-4-5 22:03:18,15358,61,None,小阿诺LMW,//i.autohome.com.cn/16417758,5,227,浙江 杭州,非认证车主,,
https://club.autohome.com.cn/bbs/thread/e3d434a03d4721c8/26010314-1.html,铃木摩托车论坛,豪爵铃木EN125-3F 有人用吗,2013-11-10 21:39:43,4051,37,None,没每月只能修改一次,//i.autohome.com.cn/3197003,92,6011,北京 昌平,['海福星'],,
https://club.autohome.com.cn/bbs/thread/6177b987b8125568/31721692-1.html,铃木摩托车论坛,不用被代购网购坑的一把辛酸泪了，成都也有专业的骑行护具店了,2014-7-6 15:31:40,1906,7,None,dlzcll,//i.autohome.com.cn/10584196,30,95,四川 成都,非认证车主,,
https://club.autohome.com.cn/bbs/thread/8b67021b53a93cf1/45306307-1.html,铃木摩托车论坛,有没有车友不用的铝合金或者不锈钢边箱啊我想要一对,2015-9-18 17:51:04,634,8,None,军旗小子,//i.autohome.com.cn/9196659,51,284,山东 青岛,"['乐风', '天籁']",,
https://club.autohome.com.cn/bbs/thread/603f22a59914aa5e/48234489-1.html,铃木摩托车论坛,沙滩铃木摩托女郎【广州哈雷ice】,2015-12-22 10:08:52,1316,4,None,广州哈雷ice,//i.autohome.com.cn/20324555,217,828,广东 广州,非认证车主,,
https://club.autohome.com.cn/bbs/thread/5ed0b4d2b574400a/44196391-1.html,铃木摩托车论坛,蓝色F版骊驰,2015-8-13 10:16:34,8009,31,None,luyan2590,//i.autohome.com.cn/12268438,3,27,广西 南宁,非认证车主,,
https://club.autohome.com.cn/bbs/thread/bb540ec0ca52f8ff/40013161-1.html,铃木摩托车论坛,请问：北京哪里有铃木大贸卖？想买天浪650,2015-4-5 18:41:33,4624,22,None,powermoto,//i.autohome.com.cn/648132,13,524,北京 ,非认证车主,,
https://club.autohome.com.cn/bbs/thread/d9b0a33036e9ec19/45260251-1.html,铃木摩托车论坛,我的gw250龙头摆动问题,2015-9-17 06:31:15,2967,21,None,jihongxiao,//i.autohome.com.cn/4367191,59,341,山东 潍坊,"['比亚迪G6', '思锐', '比亚迪F0']",,
https://club.autohome.com.cn/bbs/thread/579359707e53cb9f/41751436-1.html,铃木摩托车论坛,兄弟们，我现在都好兴奋啊，不到一小时前，订车喽！！！,2015-5-25 18:07:20,3452,37,None,军旗小子,//i.autohome.com.cn/9196659,51,284,山东 青岛,"['乐风', '天籁']",,
https://club.autohome.com.cn/bbs/thread/5fcecd2dda3cf0bb/48215592-1.html,铃木摩托车论坛,GW250装好边箱还能载女人吗？,2015-12-21 17:04:03,5936,24,None,shanghailee,//i.autohome.com.cn/4468884,5,73,上海 ,非认证车主,,
https://club.autohome.com.cn/bbs/thread/227f5d6cdcb3e253/53664839-1.html,铃木摩托车论坛,gw车主我为abs代言,2016-6-23 12:05:15,2396,36,None,虎狼旅,//i.autohome.com.cn/9652262,3,26,河北 保定,非认证车主,,
https://club.autohome.com.cn/bbs/thread/e57c13f772ab7040/43137088-1.html,铃木摩托车论坛,乐至diy贴膜,2015-7-8 18:05:47,1677,19,None,嘉天下LEE,//i.autohome.com.cn/15465201,3,102,河南 平顶山,非认证车主,,
https://club.autohome.com.cn/bbs/thread/bb25a6d6f51f1db9/26008199-1.html,铃木摩托车论坛,求问专卖店。大家来说说,2013-11-10 20:18:46,780,6,None,我自己知道吗,//i.autohome.com.cn/8936459,3,55,北京 海淀,非认证车主,,
https://club.autohome.com.cn/bbs/thread/20f2811d4e41dd89/38737015-1.html,铃木摩托车论坛,什么牌喇叭好用,2015-2-25 17:13:54,976,9,None,一路向东dd,//i.autohome.com.cn/15484301,1,0,广东 广州,非认证车主,,
https://club.autohome.com.cn/bbs/thread/18f6ed1aac2362ea/29710801-1.html,铃木摩托车论坛,这是什么摩托,2014-5-1 18:49:32,4076,8,None,怪怪胖子,//i.autohome.com.cn/9246174,40,416,河北 唐山,非认证车主,,
https://club.autohome.com.cn/bbs/thread/1d91a8695ccf1a27/31675935-1.html,铃木摩托车论坛,这样的GW250S是不是觉得顺眼多了？,2014-7-4 21:29:43,5129,19,None,桑塔纳面包,//i.autohome.com.cn/1394839,13,129,浙江 台州,非认证车主,,
https://club.autohome.com.cn/bbs/thread/ad3d811ca22ed2cf/48205023-1.html,铃木摩托车论坛,沙番看车&北京SUZUKI大贸店,2015-12-21 11:42:28,9944,24,None,卖碳哥,//i.autohome.com.cn/23572062,7,59,北京 ,非认证车主,,
https://club.autohome.com.cn/bbs/thread/168158a3e5865360/49847526-1.html,铃木摩托车论坛,求购炫动版GW北京的,2016-2-21 12:25:06,93,0,None,我也好车,//i.autohome.com.cn/9649089,21,200,北京 ,非认证车主,,
https://club.autohome.com.cn/bbs/thread/645eebc0f2cb6010/35211748-1.html,铃木摩托车论坛,收gw一台,2014-11-2 18:32:24,274,3,None,ars1987,//i.autohome.com.cn/4013510,2,97,安徽 合肥,非认证车主,,
https://club.autohome.com.cn/bbs/thread/401feb64121061ae/29709369-1.html,铃木摩托车论坛,大家帮帮忙,2014-5-1 17:50:05,256,1,None,别克君越710,//i.autohome.com.cn/10059199,14,353,安徽 合肥,非认证车主,,
https://club.autohome.com.cn/bbs/thread/616f899201b8a20f/44168674-1.html,铃木摩托车论坛,北京动感进口Suzuki摩托车大贸店 宣传彩页,2015-8-12 12:09:22,8314,44,None,令人悲伤的潮流,//i.autohome.com.cn/9701462,53,772,北京 海淀,非认证车主,,
https://club.autohome.com.cn/bbs/thread/8bd5f72e76ebaf72/36989732-1.html,铃木摩托车论坛,摩托车驾照考过了，求推荐摩托车,2014-12-25 15:55:51,2986,24,None,horsy945,//i.autohome.com.cn/5800568,9,43,上海 ,非认证车主,,
https://club.autohome.com.cn/bbs/thread/0b9d4106f54689a5/33472111-1.html,铃木摩托车论坛,莆田 有人出二手gz150的吗、、、、、、、、、、、、、、、、、、,2014-9-5 21:49:58,404,1,None,718947594,//i.autohome.com.cn/8233025,15,111,福建 莆田,非认证车主,,
https://club.autohome.com.cn/bbs/thread/adffdff3e8dcad3e/46584217-1.html,铃木摩托车论坛,"改装好的gw250,或加钱黄龙600",2015-10-31 11:36:53,7023,29,None,傲气VS小妖,//i.autohome.com.cn/18747320,34,488,云南 临沧,非认证车主,,
https://club.autohome.com.cn/bbs/thread/5c2a74d725c56020/50992882-1.html,铃木摩托车论坛,春暖了花没开，我却要出发,2016-3-30 01:02:50,1215,4,None,碾过碎雪的凉,//i.autohome.com.cn/15831739,25,422,河北 石家庄,非认证车主,,
https://club.autohome.com.cn/bbs/thread/881c13e8b79de9c5/48128920-1.html,铃木摩托车论坛,从骑士网转来的，据说是在豪爵铃木厂内拍的,2015-12-18 20:35:07,9684,17,None,davidking,//i.autohome.com.cn/669477,58,3197,广东 肇庆,"['奥德赛', '思铂睿', '标致5008']",,
